match_key,career_match_index,season,season_match_number,date,day_of_week,week_of_season,days_since_last_match,is_back_to_back,match_density_3days,match_no,total_matches_that_day,first_match_of_day,last_match_of_day,same_day_opponent_seq,opponent,opponent_slug,season_opponent_seq,is_repeat_opponent,rivalry,match_type,game_importance,game_importance_score,result,set_scores,set_result,set_count,set_diff,comeback_win,revenge_match,redemption_game,location,injured,sick,forfeited,favorite_match,birthday_match,is_conference,is_playoffs,is_tournament,is_championship,maxpreps
FR_09-01_TA_1,1,FR,1,2016-09-01,Thursday,1,0,False,1,1,1,,,1,Takoma Academy,TA,1,False,False,regular,low,0,W,"25-22,25-19,25-13",3-0,3,3,False,False,False,away,False,False,False,False,False,False,False,False,False,https://www.maxpreps.com/games/09-01-2016/volleyball-16/model-secondary-school-for-the-deaf-vs-takoma-academy.htm?c=RvM_PsTPpUqW-rKrugJlqw#tab=box-score&schoolid=
FR_09-09_RCSA_1,2,FR,2,2016-09-09,Friday,2,8,False,3,1,3,True,False,1,River City Science Academy,RCSA,1,False,False,regular,low,0,W,"25-11,25-19",2-0,2,2,False,False,False,neutral,False,False,False,False,False,False,False,True,False,https://www.maxpreps.com/games/09-09-2016/volleyball-16/model-secondary-school-for-the-deaf-vs-river-city-science-academy.htm?c=pi9qfk1i5EmrOFHajdNXlA#tab=box-score&schoolid=
FR_09-09_INTERLACHEN_2,3,FR,3,2016-09-09,Friday,2,0,False,3,2,3,False,False,1,Interlachen,INTERLACHEN,1,False,False,regular,low,0,W,"25-14,25-19",2-0,2,2,False,False,False,neutral,False,False,False,False,False,False,False,True,False,https://www.maxpreps.com/games/09-09-2016/volleyball-16/interlachen-vs-model-secondary-school-for-the-deaf.htm?c=kA1J5gUZYkGHUe9qPJ2ZFQ#tab=box-score&schoolid=
FR_09-09_FSDB_3,4,FR,4,2016-09-09,Friday,2,0,False,3,3,3,False,True,1,Florida School for the Deaf & Blind,FSDB,1,False,False,regular,low,0,W,"26-24,25-14",2-0,2,2,False,False,False,away,False,False,False,False,False,False,False,True,False,https://www.maxpreps.com/games/09-09-2016/volleyball-16/florida-school-for-the-deaf-and-blind-vs-model-secondary-school-for-the-deaf.htm?c=57jGU_XGx064Xen13AMNDQ#tab=box-score&schoolid=
FR_09-17_AIDB_1,5,FR,5,2016-09-17,Saturday,3,8,False,1,1,1,,,1,Alabama School for the Deaf,AIDB,1,False,False,regular,low,0,W,"25-21,25-13,25-11",3-0,3,3,False,False,False,home,False,False,False,False,False,False,False,False,False,https://www.maxpreps.com/games/09-17-2016/volleyball-16/alabama-school-for-the-deaf-vs-model-secondary-school-for-the-deaf.htm?c=kXOQNahMc02EHVChPD9akw#tab=box-score&schoolid=
FR_09-20_SJDS_1,6,FR,6,2016-09-20,Tuesday,3,3,False,1,1,1,,,1,Smith Jewish Day School,SJDS,1,False,False,regular,low,0,W,"25-8,25-18,25-11",3-0,3,3,False,False,False,home,False,False,False,False,False,True,False,False,False,https://www.maxpreps.com/games/09-20-2016/volleyball-16/model-secondary-school-for-the-deaf-vs-smith-jewish-day-school.htm?c=7PNjdNdlz0CeKtt37FNG9Q
FR_09-22_RB_1,7,FR,7,2016-09-22,Thursday,4,2,False,2,1,1,,,1,Riverdale Baptist,RB,1,False,False,regular,low,0,W,"25-16,25-12,25-22",3-0,3,3,False,False,False,away,False,False,False,False,False,False,False,False,False,https://www.maxpreps.com/games/09-22-2016/volleyball-16/model-secondary-school-for-the-deaf-vs-riverdale-baptist.htm?c=nxuukkNYG0GZqKd8l3qQdw#tab=box-score&schoolid=
FR_09-24_CSHC_1,8,FR,8,2016-09-24,Saturday,4,2,False,6,1,5,True,False,1,Connelly School of the Holy Child,CSHC,1,False,False,forfeit,low,0,W,,0,0,0,False,False,False,home,False,False,True,False,False,False,False,True,False,https://www.maxpreps.com/games/09-24-2016/volleyball-16/connelly-school-of-the-holy-child-vs-model-secondary-school-for-the-deaf.htm?c=jBxjGiIWW0u7_teU_JgZVg#tab=matchup&schoolid=
FR_09-24_ISA_2,9,FR,9,2016-09-24,Saturday,4,0,False,6,2,5,False,False,1,Islamic Saudi Academy,ISA,1,False,False,forfeit,low,0,L,"20-25,17-25",0-2,2,-2,False,False,False,home,False,False,True,False,False,False,False,True,False,https://www.maxpreps.com/games/09-24-2016/volleyball-16/islamic-saudi-academy-vs-model-secondary-school-for-the-deaf.htm?c=vIP1JGBVT0OrNQn3k7Vbug#tab=box-score&schoolid=
FR_09-24_SIDWELL_3,10,FR,10,2016-09-24,Saturday,4,0,False,6,3,5,False,False,1,Sidwell Friends,SIDWELL,1,False,False,forfeit,low,0,W,"25-20,25-22",2-0,2,2,False,False,False,home,False,False,True,False,False,False,False,True,False,https://www.maxpreps.com/games/09-24-2016/volleyball-16/model-secondary-school-for-the-deaf-vs-sidwell-friends.htm?c=JEvBgo21gkC-Z8s4LWkp1A#tab=box-score&schoolid=
FR_09-24_WILSON_4,11,FR,11,2016-09-24,Saturday,4,0,False,6,4,5,False,False,1,Woodrow Wilson,WILSON,1,False,False,forfeit,low,0,L,"12-25,23-25",0-2,2,-2,False,False,False,home,False,False,True,False,False,False,False,True,False,https://www.maxpreps.com/games/09-24-2016/volleyball-16/jackson-reed-vs-model-secondary-school-for-the-deaf.htm?c=N6-HRS3cNkOz2AJD_0rVbw#tab=box-score&schoolid=
FR_09-24_SIDWELL_5,12,FR,12,2016-09-24,Saturday,4,0,False,6,5,5,False,True,2,Sidwell Friends,SIDWELL,2,True,False,forfeit,low,0,W,"17-25,25-23,15-9",2-1,3,1,True,False,False,home,False,False,True,False,False,False,False,True,False,https://www.maxpreps.com/games/09-24-2016/volleyball-16/model-secondary-school-for-the-deaf-vs-sidwell-friends.htm?c=XwBzBi0pnUmHClGqHKF48g#tab=box-score&schoolid=
FR_09-27_MCLEAN_1,13,FR,13,2016-09-27,Tuesday,4,3,False,1,1,1,,,1,McLean,MCLEAN,1,False,False,sick,low,0,W,"25-13,25-12,25-4",3-0,3,3,False,False,False,away,False,True,False,False,False,True,False,False,False,https://www.maxpreps.com/games/09-27-2016/volleyball-16/mclean-vs-model-secondary-school-for-the-deaf.htm?c=ySNeF2UEdk6EgKi-o-mblA
FR_10-04_OAKCREST_1,14,FR,14,2016-10-04,Tuesday,5,7,False,1,1,1,,,1,Oakcrest,OAKCREST,1,False,False,regular,low,0,W,"25-23,25-8,25-11",3-0,3,3,False,False,False,home,False,False,False,False,False,True,False,False,False,https://www.maxpreps.com/games/10-04-2016/volleyball-16/model-secondary-school-for-the-deaf-vs-oakcrest.htm?c=aUV_nOezW0CdAXm48_6bgg#tab=box-score&schoolid=
FR_10-07_MSD_1,15,FR,15,2016-10-07,Friday,6,3,False,4,1,4,True,False,1,Maryland School for the Deaf,MSD,1,False,True,regular,low,0,L,"10-25,17-25",0-2,2,-2,False,False,False,neutral,False,False,False,False,False,False,False,True,False,https://www.maxpreps.com/games/10-07-2016/volleyball-16/maryland-school-for-the-deaf-vs-model-secondary-school-for-the-deaf.htm?c=owB3x6209kypjGTlkFpyUg#tab=box-score&schoolid=
FR_10-07_CSDR_2,16,FR,16,2016-10-07,Friday,6,0,False,4,2,4,False,False,1,California School for the Deaf-Riverside,CSDR,1,False,False,regular,low,0,W,"20-25,25-23,15-12",2-1,3,1,True,False,False,neutral,False,False,False,False,False,False,False,True,False,https://www.maxpreps.com/games/10-07-2016/volleyball-16/california-school-for-the-deaf-riverside-vs-model-secondary-school-for-the-deaf.htm?c=591mwas5f0WoifVu5uqlog#tab=box-score&schoolid=
FR_10-07_TSD_3,17,FR,17,2016-10-07,Friday,6,0,False,4,3,4,False,False,1,Texas School for the Deaf,TSD,1,False,False,regular,low,0,L,"11-25,16-25",0-2,2,-2,False,False,False,neutral,False,False,False,False,False,False,False,True,False,https://www.maxpreps.com/games/10-07-2016/volleyball-16/model-secondary-school-for-the-deaf-vs-texas-school-for-the-deaf.htm?c=AZ1n_IF5o0qp55V7f-lMvg#tab=box-score&schoolid=
FR_10-07_CSDF_4,18,FR,18,2016-10-07,Friday,6,0,False,4,4,4,False,True,1,California School for the Deaf,CSDF,1,False,False,regular,low,0,L,"25-21,14-25,9-15",1-2,3,-1,False,False,False,neutral,False,False,False,False,False,False,False,True,False,https://www.maxpreps.com/games/10-07-2016/volleyball-16/california-school-for-the-deaf-vs-model-secondary-school-for-the-deaf.htm?c=2GJMycrpkUGekllexQB5WQ#tab=box-score&schoolid=
FR_10-08_ISD_1,19,FR,19,2016-10-08,Saturday,6,1,True,7,1,3,True,False,1,Indiana School for the Deaf,ISD,1,False,False,regular,low,0,L,"14-25,14-25",0-2,2,-2,False,False,False,neutral,False,False,False,False,False,False,False,True,False,https://www.maxpreps.com/games/10-08-2016/volleyball-16/indiana-school-for-the-deaf-vs-model-secondary-school-for-the-deaf.htm?c=wj2y6CuesEukVstn_5dczA#tab=box-score&schoolid=
FR_10-08_CSDF_2,20,FR,20,2016-10-08,Saturday,6,0,False,7,2,3,False,False,1,California School for the Deaf,CSDF,2,True,False,regular,low,0,L,"18-25,20-25",0-2,2,-2,False,False,False,neutral,False,False,False,False,False,False,False,True,False,https://www.maxpreps.com/games/10-08-2016/volleyball-16/california-school-for-the-deaf-vs-model-secondary-school-for-the-deaf.htm?c=fuAmSgfRsUuIfu9RrW5Euw#tab=box-score&schoolid=
FR_10-08_CSDR_3,21,FR,21,2016-10-08,Saturday,6,0,False,7,3,3,False,True,1,California School for the Deaf-Riverside,CSDR,2,True,False,regular,low,0,L,"27-25,17-25,9-15",1-2,3,-1,False,False,False,neutral,False,False,False,False,False,False,False,True,False,https://www.maxpreps.com/games/10-08-2016/volleyball-16/california-school-for-the-deaf-riverside-vs-model-secondary-school-for-the-deaf.htm?c=EOTlFc410ESAEZ792PdFiA#tab=box-score&schoolid=
FR_10-11_RB_1,22,FR,22,2016-10-11,Tuesday,6,3,False,1,1,1,,,1,Riverdale Baptist,RB,2,True,False,regular,low,0,W,"25-15,25-11,25-12",3-0,3,3,False,False,False,home,False,False,False,False,False,False,False,False,False,https://www.maxpreps.com/games/10-11-2016/volleyball-16/model-secondary-school-for-the-deaf-vs-riverdale-baptist.htm?c=LTfs0953zkmtl3g-YTlQmw#tab=box-score&schoolid=
FR_10-12_BURKE_1,23,FR,23,2016-10-12,Wednesday,6,1,True,2,1,1,,,1,Burke,BURKE,1,False,False,regular,low,0,W,"25-9,25-12,22-25,25-10",3-1,4,2,False,False,False,away,False,False,False,False,False,True,False,False,False,https://www.maxpreps.com/games/10-12-2016/volleyball-16/burke-vs-model-secondary-school-for-the-deaf.htm?c=Us4trl_zYE-CmlSfbnhPPg#tab=box-score&schoolid=
FR_10-13_BHA_1,24,FR,24,2016-10-13,Thursday,7,1,True,3,1,1,,,1,Berman Hebrew Academy,BHA,1,False,False,regular,low,0,W,"25-3,25-4,25-9",3-0,3,3,False,False,False,away,False,False,False,False,False,True,False,False,False,https://www.maxpreps.com/games/10-13-2016/volleyball-16/berman-hebrew-academy-vs-model-secondary-school-for-the-deaf.htm?c=wBOWsi4yKU-0NsYO6AW5gA#tab=box-score&schoolid=
FR_10-15_MISD_1,25,FR,25,2016-10-15,Saturday,7,2,False,2,1,1,,,1,Mississippi School for the Deaf,MISD,1,False,False,regular,low,0,W,"25-15,25-14,25-13",3-0,3,3,False,False,False,home,False,False,False,False,False,False,False,False,False,https://www.maxpreps.com/games/10-15-2016/volleyball-16/mississippi-school-for-the-deaf-vs-model-secondary-school-for-the-deaf.htm?c=QLQua9MRV06tGzikyS_X5Q#tab=box-score&schoolid=
FR_10-18_SAA_1,26,FR,26,2016-10-18,Tuesday,7,3,False,1,1,1,,,1,Spencerville Adventist Academy,SAA,1,False,False,regular,low,0,W,"25-15,25-9,25-9",3-0,3,3,False,False,False,home,False,False,False,False,False,True,False,False,False,https://www.maxpreps.com/games/10-18-2016/volleyball-16/model-secondary-school-for-the-deaf-vs-spencerville-adventist-academy.htm?c=dOdx3x38hUGxQ27mlnE5lw#tab=box-score&schoolid=
FR_10-19_WIS_1,27,FR,27,2016-10-19,Wednesday,7,1,True,2,1,1,,,1,Washington International,WIS,1,False,True,regular,low,0,L,"23-25,14-25,25-18,25-19,10-15",2-3,5,-1,False,False,False,home,False,False,False,False,False,True,False,False,False,https://www.maxpreps.com/games/10-19-2016/volleyball-16/model-secondary-school-for-the-deaf-vs-washington-international.htm?c=3wDvA7Z8JkS_UPTSjFy3kA#tab=box-score&schoolid=
FR_10-20_FIELD_1,28,FR,28,2016-10-20,Thursday,8,1,True,3,1,1,,,1,Field,FIELD,1,False,False,regular,low,0,W,"25-4,25-10,25-16",3-0,3,3,False,False,False,away,False,False,False,False,False,True,False,False,False,https://www.maxpreps.com/games/10-20-2016/volleyball-16/field-vs-model-secondary-school-for-the-deaf.htm?c=c2uXDnz9_E-5t8OAyhaZdA#tab=box-score&schoolid=
FR_10-21_SRSSH_1,29,FR,29,2016-10-21,Friday,8,1,True,3,1,1,,,1,Stone Ridge School of the Sacred Heart,SRSSH,1,False,False,regular,low,0,L,"14-25,23-25,25-17,16-25",1-3,4,-2,False,False,False,home,False,False,False,False,False,False,False,False,False,https://www.maxpreps.com/games/10-21-2016/volleyball-16/model-secondary-school-for-the-deaf-vs-stone-ridge-school-of-the-sacred-heart.htm?c=nVB-PHRnU0W-XWA-RQ6dcg#tab=box-score&schoolid=
FR_10-24_CL_1,30,FR,30,2016-10-24,Monday,8,3,False,1,1,1,,,1,Covenant Life,CL,1,False,True,regular,low,0,L,"18-25,19-25,19-25",0-3,3,-3,False,False,False,away,False,False,False,False,False,True,False,False,False,https://www.maxpreps.com/games/10-24-2016/volleyball-16/covenant-life-vs-model-secondary-school-for-the-deaf.htm?c=HwFfJ1cHOESVd3ar6pDj9g#tab=box-score&schoolid=
FR_10-26_KAA_1,31,FR,31,2016-10-26,Wednesday,8,2,False,2,1,1,,,1,King Abdullah Academy,KAA,1,False,False,regular,low,0,L,"21-25,17-25,17-25",0-3,3,-3,False,False,False,away,False,False,False,False,False,False,False,False,False,https://www.maxpreps.com/games/10-26-2016/volleyball-16/king-abdullah-academy-vs-model-secondary-school-for-the-deaf.htm?c=-tOrhWspCEeA5i44Oqpqsg#tab=box-score&schoolid=
FR_10-27_GTD_1,32,FR,32,2016-10-27,Thursday,9,1,True,2,1,1,,,1,Georgetown Day,GTD,1,False,False,regular,low,0,L,"23-25,18-25,20-25",0-3,3,-3,False,False,False,away,False,False,False,False,False,False,False,False,False,https://www.maxpreps.com/games/10-27-2016/volleyball-16/georgetown-day-vs-model-secondary-school-for-the-deaf.htm?c=R3MWzYqaokauTCV50skhGg#tab=box-score&schoolid=
FR_11-08_PARKSIDE_1,33,FR,33,2016-11-08,Tuesday,10,12,False,1,1,1,,,1,Parkside,PARKSIDE,1,False,False,playoff,high,2,W,"25-10,25-13,25-7",3-0,3,3,False,False,False,home,False,False,False,False,False,False,True,True,False,https://www.maxpreps.com/games/11-08-2016/volleyball-16/model-secondary-school-for-the-deaf-vs-parkside.htm?c=mx6fmINk5EK6YawEoc4h1A#tab=box-score&schoolid=
FR_11-09_WILSON_1,34,FR,34,2016-11-09,Wednesday,10,1,True,2,1,1,,,1,Woodrow Wilson,WILSON,2,True,False,playoff,high,2,W,"25-21,25-17,25-15",3-0,3,3,False,True,False,away,False,False,False,False,False,False,True,True,False,https://www.maxpreps.com/games/11-09-2016/volleyball-16/jackson-reed-vs-model-secondary-school-for-the-deaf.htm?c=RTKAoLMPCk63gR0nYK7KEw#tab=box-score&schoolid=
FR_11-10_MARET_1,35,FR,35,2016-11-10,Thursday,11,1,True,3,1,1,,,1,Maret,MARET,1,False,False,playoff,high,2,W,"25-23,25-17,25-23",3-0,3,3,False,False,False,home,False,False,False,False,False,False,True,True,False,https://www.maxpreps.com/games/11-10-2016/volleyball-16/maret-vs-model-secondary-school-for-the-deaf.htm?c=96mssrBQ20WDyAp_g56jLg#tab=box-score&schoolid=
FR_11-11_SJ_1,36,FR,36,2016-11-11,Friday,11,1,True,3,1,1,,,1,St. John's,SJ,1,False,False,championship,high,3,L,"12-25,13-25,15-25",0-3,3,-3,False,False,False,neutral,False,False,False,False,False,False,True,True,True,https://www.maxpreps.com/games/11-11-2016/volleyball-16/model-secondary-school-for-the-deaf-vs-st-johns.htm?c=poFrFJ7iK0eyg9kZPUOQaw#tab=box-score&schoolid=
SO_08-29_SAA_1,37,SO,1,2017-08-29,Tuesday,1,291,False,1,1,1,,,1,Spencerville Adventist Academy,SAA,1,False,False,regular,low,0,W,"25-18,25-5,25-12",3-0,3,3,False,False,False,home,False,False,False,False,False,False,False,False,False,https://www.maxpreps.com/games/08-29-2017/volleyball-17/model-secondary-school-for-the-deaf-vs-spencerville-adventist-academy.htm?c=EysMl__wXEWyKfHgNVfpEQ#tab=box-score&schoolid=
SO_09-05_MARET_1,38,SO,2,2017-09-05,Tuesday,2,7,False,1,1,1,,,1,Maret,MARET,1,False,False,regular,low,0,L,"19-25,14-25,18-25",0-3,3,-3,False,False,False,away,False,False,False,False,False,False,False,False,False,https://www.maxpreps.com/games/09-05-2017/volleyball-17/maret-vs-model-secondary-school-for-the-deaf.htm?c=cnUwxUF910qvo_byQLATdQ#tab=box-score&schoolid=
SO_09-07_BW_1,39,SO,3,2017-09-07,Thursday,2,2,False,2,1,1,,,1,Brookewood,BW,1,False,False,regular,low,0,W,"25-8,25-16,25-6",3-0,3,3,False,False,False,home,False,False,False,False,False,False,False,False,False,https://www.maxpreps.com/games/09-07-2017/volleyball-17/brookewood-vs-model-secondary-school-for-the-deaf.htm?c=6TewSwa2p0eGwUFJqfNdbA#tab=box-score&schoolid=
SO_09-09_AASD_1,40,SO,4,2017-09-09,Saturday,2,2,False,3,1,2,True,False,1,Atlanta Area School for the Deaf,AASD,1,False,False,regular,low,0,W,"25-6,25-10,25-9",3-0,3,3,False,False,False,neutral,False,False,False,False,False,False,False,False,False,https://www.maxpreps.com/games/09-09-2017/volleyball-17/atlanta-area-school-for-the-deaf-vs-model-secondary-school-for-the-deaf.htm?c=NGJtcTostUS-zUwoR-XM_g#tab=box-score&schoolid=
SO_09-09_AIDB_2,41,SO,5,2017-09-09,Saturday,2,0,False,3,2,2,False,True,1,Alabama School for the Deaf,AIDB,1,False,False,regular,low,0,W,"25-13,25-9,25-10",3-0,3,3,False,False,False,away,False,False,False,False,False,False,False,False,False,https://www.maxpreps.com/games/09-09-2017/volleyball-17/alabama-school-for-the-deaf-vs-model-secondary-school-for-the-deaf.htm?c=Ed5SCbZmm0yep11pUl3Caw#tab=box-score&schoolid=
SO_09-12_WCA_1,42,SO,6,2017-09-12,Tuesday,3,3,False,1,1,1,,,1,Washington Christian Academy,WCA,1,False,False,regular,low,0,W,"25-8,25-11,25-12",3-0,3,3,False,False,False,away,False,False,False,False,False,True,False,False,False,https://www.maxpreps.com/games/09-12-2017/volleyball-17/model-secondary-school-for-the-deaf-vs-washington-christian-academy.htm?c=mujWv8l3TkaJ3JtoMOy_Eg#tab=box-score&schoolid=
SO_09-14_MCLEAN_1,43,SO,7,2017-09-14,Thursday,3,2,False,2,1,1,,,1,McLean,MCLEAN,1,False,False,regular,low,0,W,"25-8,25-10,25-12",3-0,3,3,False,False,False,home,False,False,False,False,False,True,False,False,False,https://www.maxpreps.com/games/09-14-2017/volleyball-17/mclean-vs-model-secondary-school-for-the-deaf.htm?c=a9ksnSw3I025jlIEVO8hMw#tab=box-score&schoolid=
SO_09-16_FRIENDS_1,44,SO,8,2017-09-16,Saturday,3,2,False,2,1,1,,,1,Friends,FRIENDS,1,False,False,regular,low,0,W,"25-15,25-17,25-8",3-0,3,3,False,False,False,home,False,False,False,False,False,False,False,False,False,https://www.maxpreps.com/games/09-16-2017/volleyball-17/friends-vs-model-secondary-school-for-the-deaf.htm?c=sOtrffr4_kOXt-grb9UdRA#tab=box-score&schoolid=
SO_09-18_BHA_1,45,SO,9,2017-09-18,Monday,3,2,False,2,1,1,,,1,Berman Hebrew Academy,BHA,1,False,False,sick,low,0,W,"25-10,25-6,25-9",3-0,3,3,False,False,False,home,False,True,False,False,False,True,False,False,False,https://www.maxpreps.com/games/09-18-2017/volleyball-17/berman-hebrew-academy-vs-model-secondary-school-for-the-deaf.htm?c=p1PM8dzkQkagnlgqSuigBA#tab=box-score&schoolid=
SO_09-19_BOHS_1,46,SO,10,2017-09-19,Tuesday,4,1,True,2,1,1,,,1,Bishop O'Connell,BOHS,1,False,False,regular,low,0,L,"23-25,12-25,16-25",0-3,3,-3,False,False,False,away,False,False,False,False,False,False,False,False,False,https://www.maxpreps.com/games/09-19-2017/volleyball-17/bishop-oconnell-vs-model-secondary-school-for-the-deaf.htm?c=uXQAlUqtb0ycWUXwSNnzlw#tab=box-score&schoolid=
SO_09-21_GCA_1,47,SO,11,2017-09-21,Thursday,4,2,False,2,1,1,,,1,Grace Christian Academy,GCA,1,False,False,regular,low,0,W,"25-20,25-16,25-11",3-0,3,3,False,False,False,away,False,False,False,False,True,False,False,False,False,https://www.maxpreps.com/games/09-21-2017/volleyball-17/grace-christian-academy-vs-model-secondary-school-for-the-deaf.htm?c=6iQcV7vUBku93iL_EBh5cg#tab=box-score&schoolid=
SO_09-23_KAA_2,48,SO,12,2017-09-23,Saturday,4,2,False,5,2,4,False,False,1,King Abdullah Academy,KAA,1,False,False,regular,low,0,W,"25-22,16-25,15-12",2-1,3,1,False,False,True,home,False,False,False,False,False,False,False,True,False,https://www.maxpreps.com/games/09-23-2017/volleyball-17/king-abdullah-academy-vs-model-secondary-school-for-the-deaf.htm?c=98zdz76AtE2OsGyZS2GxxA
SO_09-23_SIDWELL_1,49,SO,13,2017-09-23,Saturday,4,0,False,5,1,4,True,False,1,Sidwell Friends,SIDWELL,1,False,False,regular,low,0,L,"25-14,21-25,15-13",1-2,3,-1,False,False,False,home,False,False,False,False,False,False,False,True,False,https://www.maxpreps.com/games/09-23-2017/volleyball-17/model-secondary-school-for-the-deaf-vs-sidwell-friends.htm?c=RHS_XupWN0aw0EUBp_7UvQ#tab=box-score&schoolid=
SO_09-23_WILSON_4,50,SO,14,2017-09-23,Saturday,4,0,False,5,4,4,False,True,1,Woodrow Wilson,WILSON,1,False,False,regular,low,0,L,"8-25,19-25",0-2,2,-2,False,False,False,home,False,False,False,False,False,False,False,True,False,https://www.maxpreps.com/games/09-23-2017/volleyball-17/jackson-reed-vs-model-secondary-school-for-the-deaf.htm?c=x_o0b4vbv0qqMUYXQm1IBw
SO_09-23_HAYNES_3,51,SO,15,2017-09-23,Saturday,4,0,False,5,3,4,False,False,1,E.L. Haynes,HAYNES,1,False,False,regular,low,0,W,"25-7,25-14",2-0,2,2,False,False,False,home,False,False,False,False,False,False,False,True,False,https://www.maxpreps.com/games/09-23-2017/volleyball-17/el-haynes-vs-model-secondary-school-for-the-deaf.htm?c=cynbtw0G0UG9n-coKiZarQ
SO_09-26_CL_1,52,SO,16,2017-09-26,Tuesday,5,3,False,1,1,1,,,1,Covenant Life,CL,1,False,True,regular,low,0,L,"25-20,21-25,18-25,5-25",1-3,4,-2,False,False,False,away,False,False,False,False,False,False,False,False,False,https://www.maxpreps.com/games/09-26-2017/volleyball-17/covenant-life-vs-model-secondary-school-for-the-deaf.htm?c=MH9f-mHZHUO8KB0Yr88X_Q
SO_09-28_SJDS_1,53,SO,17,2017-09-28,Thursday,5,2,False,2,1,1,,,1,Smith Jewish Day School,SJDS,1,False,False,regular,low,0,W,"25-11,25-9,25-18",3-0,3,3,False,False,False,away,False,False,False,False,False,True,False,False,False,https://www.maxpreps.com/games/09-28-2017/volleyball-17/model-secondary-school-for-the-deaf-vs-smith-jewish-day-school.htm?c=dlMsvqtOiU2j73ldjH2LDA
SO_10-03_WIS_1,54,SO,18,2017-10-03,Tuesday,6,5,False,1,1,1,,,1,Washington International,WIS,1,False,True,regular,low,0,L,"27-29,25-21,16-25,24-26",1-3,4,-2,False,False,False,away,False,False,False,False,False,True,False,False,False,https://www.maxpreps.com/games/10-03-2017/volleyball-17/model-secondary-school-for-the-deaf-vs-washington-international.htm?c=jrstwNpaT0GWB17JC1LkMQ
SO_10-06_CSDR_3,55,SO,19,2017-10-06,Friday,6,3,False,4,3,4,False,False,1,California School for the Deaf-Riverside,CSDR,1,False,False,regular,low,0,W,"20-25,25-20,15-7",2-1,3,1,True,False,True,neutral,False,False,False,False,False,False,False,True,False,https://www.maxpreps.com/games/10-06-2017/volleyball-17/california-school-for-the-deaf-riverside-vs-model-secondary-school-for-the-deaf.htm?c=00ZR6rrHq0Kljg4epxysZQ
SO_10-06_CSDF_4,56,SO,20,2017-10-06,Friday,6,0,False,4,4,4,False,True,1,California School for the Deaf,CSDF,1,False,False,regular,low,0,L,"25-19,25-20,9-15",1-2,3,-1,False,False,False,neutral,False,False,False,False,False,False,False,True,False,https://www.maxpreps.com/games/10-06-2017/volleyball-17/california-school-for-the-deaf-vs-model-secondary-school-for-the-deaf.htm?c=bdN5cNz-DU6SN0Ncuha9aA
SO_10-06_TSD_1,57,SO,21,2017-10-06,Friday,6,0,False,4,1,4,True,False,1,Texas School for the Deaf,TSD,1,False,False,regular,low,0,L,"13-25,10-25",0-2,2,-2,False,False,False,neutral,False,False,False,False,False,False,False,True,False,https://www.maxpreps.com/games/10-06-2017/volleyball-17/model-secondary-school-for-the-deaf-vs-texas-school-for-the-deaf.htm?c=gxcwFT9oGkmglyPAEnMJeQ
SO_10-06_MSD_2,58,SO,22,2017-10-06,Friday,6,0,False,4,2,4,False,False,1,Maryland School for the Deaf,MSD,1,False,True,regular,low,0,L,"21-25,19-25",0-2,2,-2,False,False,False,neutral,False,False,False,False,False,False,False,True,False,https://www.maxpreps.com/games/10-06-2017/volleyball-17/maryland-school-for-the-deaf-vs-model-secondary-school-for-the-deaf.htm?c=Mf8qEjwq6k-qnIN5HvixWw
SO_10-07_CSDR_1,59,SO,23,2017-10-07,Saturday,6,1,True,7,1,3,True,False,1,California School for the Deaf-Riverside,CSDR,2,True,False,regular,low,0,L,"25-20,19-25,9-15",1-2,3,-1,False,False,False,neutral,False,False,False,False,False,False,False,True,False,https://www.maxpreps.com/games/10-07-2017/volleyball-17/california-school-for-the-deaf-riverside-vs-model-secondary-school-for-the-deaf.htm?c=paUazO1QJkO9ZedkCKvkeg#tab=box-score&schoolid=
SO_10-07_ISD_2,60,SO,24,2017-10-07,Saturday,6,0,False,7,2,3,False,False,1,Indiana School for the Deaf,ISD,1,False,False,regular,low,0,L,"14-25,17-25",0-2,2,-2,False,False,False,neutral,False,False,False,False,False,False,False,True,False,https://www.maxpreps.com/games/10-07-2017/volleyball-17/indiana-school-for-the-deaf-vs-model-secondary-school-for-the-deaf.htm?c=BX9GBKTUVU6seVpehhWDvw#tab=box-score&schoolid=
SO_10-07_CSDF_3,61,SO,25,2017-10-07,Saturday,6,0,False,7,3,3,False,True,1,California School for the Deaf,CSDF,2,True,False,regular,low,0,L,"17-25,25-21,10-15",1-2,3,-1,False,False,False,neutral,False,False,False,False,False,False,False,True,False,https://www.maxpreps.com/games/10-07-2017/volleyball-17/california-school-for-the-deaf-vs-model-secondary-school-for-the-deaf.htm?c=CIFqlGLbYUSJTqp2kWgLpQ#tab=box-score&schoolid=
SO_10-10_BURKE_1,62,SO,26,2017-10-10,Tuesday,7,3,False,1,1,1,,,1,Burke,BURKE,1,False,False,regular,low,0,W,"25-13,25-13,26-24",3-0,3,3,False,False,False,home,False,False,False,False,False,True,False,False,False,https://www.maxpreps.com/games/10-10-2017/volleyball-17/burke-vs-model-secondary-school-for-the-deaf.htm?c=qRN855amgEGJuhLVyPzHdg#tab=box-score&schoolid=
SO_10-12_CGC_1,63,SO,27,2017-10-12,Thursday,7,2,False,2,1,1,,,1,Clinton Grace Christian,CGC,1,False,False,regular,low,0,W,"25-8,26-24,25-16",3-0,3,3,False,False,False,away,False,False,False,False,False,False,False,False,False,https://www.maxpreps.com/games/10-12-2017/volleyball-17/clinton-grace-christian-vs-model-secondary-school-for-the-deaf.htm?c=y9w5ED6PvUiDFWFn1eR4IQ#tab=box-score&schoolid=
SO_10-14_BELL_1,64,SO,28,2017-10-14,Saturday,7,2,False,2,1,1,,,1,Bell,BELL,1,False,False,regular,low,0,W,"25-8,25-18,25-15",3-0,3,3,False,False,False,home,False,False,False,False,False,False,False,False,False,https://www.maxpreps.com/games/10-14-2017/volleyball-17/bell-vs-model-secondary-school-for-the-deaf.htm?c=c9OwnbMPjUCLQC3kcrOvDQ#tab=box-score&schoolid=
SO_10-17_FIELD_1,65,SO,29,2017-10-17,Tuesday,8,3,False,1,1,1,,,1,Field,FIELD,1,False,False,regular,low,0,W,"25-4,25-18,25-15",3-0,3,3,False,False,False,home,False,False,False,False,False,True,False,False,False,https://www.maxpreps.com/games/10-17-2017/volleyball-17/field-vs-model-secondary-school-for-the-deaf.htm?c=8w7Gs_HmcUyUJ_S9f3kqHw#tab=box-score&schoolid=
SO_10-18_BIHS_1,66,SO,30,2017-10-18,Wednesday,8,1,True,2,1,1,,,1,Bishop Ireton,BIHS,1,False,False,regular,low,0,L,"13-25,9-25,24-26",0-3,3,-3,False,False,False,away,False,False,False,False,False,False,False,False,False,https://www.maxpreps.com/games/10-18-2017/volleyball-17/bishop-ireton-vs-model-secondary-school-for-the-deaf.htm?c=ewkFjQ4ws0izvro7VJS3Mw#tab=box-score&schoolid=
SO_10-20_KAA_1,67,SO,31,2017-10-20,Friday,8,2,False,2,1,1,,,1,King Abdullah Academy,KAA,2,True,False,regular,low,0,L,"15-25,12-25,14-25",0-3,3,-3,False,False,False,away,False,False,False,False,False,False,False,False,False,https://www.maxpreps.com/games/10-20-2017/volleyball-17/king-abdullah-academy-vs-model-secondary-school-for-the-deaf.htm?c=TKdaUiuchkKoNHv-qxDIgw#tab=box-score&schoolid=
SO_10-23_WCA_1,68,SO,32,2017-10-23,Monday,8,3,False,1,1,1,,,1,Washington Christian Academy,WCA,2,True,False,playoff,high,2,W,"25-13,25-12,25-16",3-0,3,3,False,False,False,home,False,False,False,False,False,True,True,True,False,https://www.maxpreps.com/games/10-23-2017/volleyball-17/model-secondary-school-for-the-deaf-vs-washington-christian-academy.htm?c=TqhVQMTbjkSmgW_8cVZouA#tab=box-score&schoolid=
SO_10-25_BURKE_1,69,SO,33,2017-10-25,Wednesday,9,2,False,2,1,1,,,1,Burke,BURKE,2,True,False,playoff,high,2,W,"25-14,25-17,25-19",3-0,3,3,False,False,False,home,False,False,False,False,False,True,True,True,False,https://www.maxpreps.com/games/10-25-2017/volleyball-17/burke-vs-model-secondary-school-for-the-deaf.htm?c=t8WQCuybzE2a7UwSAoYrzQ#tab=box-score&schoolid=
SO_10-30_WIS_1,70,SO,34,2017-10-30,Monday,9,5,False,1,1,1,,,1,Washington International,WIS,2,True,True,championship,high,3,L,"15-25,25-22,18-25,27-25,5-15",2-3,5,-1,False,False,False,neutral,False,False,False,False,False,True,True,True,True,https://www.maxpreps.com/games/10-30-2017/volleyball-17/model-secondary-school-for-the-deaf-vs-washington-international.htm?c=2xDX85iRNUeMz7kyjsoDdg#tab=box-score&schoolid=
SO_11-07_BELL_1,71,SO,35,2017-11-07,Tuesday,11,8,False,1,1,1,,,1,Bell,BELL,2,True,False,injured,low,0,W,"25-22,17-25,25-23,25-11",3-1,4,2,False,False,False,away,True,False,False,False,False,False,True,True,False,https://www.maxpreps.com/games/11-07-2017/volleyball-17/bell-vs-model-secondary-school-for-the-deaf.htm?c=DCmDMylQvk6uHxM8pPAJRA#tab=box-score&schoolid=
SO_11-08_WILSON_1,72,SO,36,2017-11-08,Wednesday,11,1,True,2,1,1,,,1,Woodrow Wilson,WILSON,2,True,False,injured,low,0,L,"10-25,8-25,10-25",0-3,3,-3,False,False,False,away,True,False,False,False,False,False,True,True,False,https://www.maxpreps.com/games/11-08-2017/volleyball-17/jackson-reed-vs-model-secondary-school-for-the-deaf.htm?c=q7lwwGAjd0KkLuhmfcTsHA#tab=box-score&schoolid=
JR_08-30_SAA_1,73,JR,1,2018-08-30,Thursday,1,295,False,1,1,1,,,1,Spencerville Adventist Academy,SAA,1,False,False,regular,low,0,W,"19-25,25-9,25-14,25-21",3-1,4,2,True,False,False,away,False,False,False,False,False,True,False,False,False,https://www.maxpreps.com/games/08-30-2018/volleyball-18/model-secondary-school-for-the-deaf-vs-spencerville-adventist-academy.htm?c=Trv2Kp4x9EKdJq0e1oDbzw
JR_09-01_PALLOTTI_1,74,JR,2,2018-09-01,Saturday,1,2,False,4,1,3,True,False,1,Pallotti,PALLOTTI,1,False,False,regular,low,0,W,"25-21,25-18",2-0,2,2,False,False,False,home,False,False,False,False,False,False,False,True,False,https://www.maxpreps.com/games/09-01-2018/volleyball-18/model-secondary-school-for-the-deaf-vs-pallotti.htm?c=EgDQMP6Z5UKxE5FvP-M4Dw
JR_09-01_CGC_2,75,JR,3,2018-09-01,Saturday,1,0,False,4,2,3,False,False,1,Clinton Grace Christian,CGC,1,False,False,regular,low,0,W,,2-1,3,1,False,False,False,home,False,False,False,False,False,False,False,True,False,https://www.maxpreps.com/games/09-01-2018/volleyball-18/clinton-grace-christian-vs-model-secondary-school-for-the-deaf.htm?c=_-Hn1q-o5Uq0RqFsMu-itw
JR_09-01_SETON_3,76,JR,4,2018-09-01,Saturday,1,0,False,4,3,3,False,True,1,Seton School,SETON,1,False,False,regular,low,0,L,"12-25,14-25",0-2,2,-2,False,False,False,home,False,False,False,False,False,False,False,True,False,https://www.maxpreps.com/games/09-01-2018/volleyball-18/model-secondary-school-for-the-deaf-vs-seton.htm?c=atGCfmP2hUy1VbvrAWtceA
JR_09-03_CL_1,77,JR,5,2018-09-03,Monday,1,2,False,4,1,1,,,1,Covenant Life,CL,1,False,True,regular,low,0,L,"12-25,17-25,8-25",0-3,3,-3,False,False,False,away,False,False,False,False,False,False,False,False,False,https://www.maxpreps.com/games/09-03-2018/volleyball-18/covenant-life-vs-model-secondary-school-for-the-deaf.htm?c=CZtNPXZpiUmrFVsoIHCv6Q
JR_09-05_BURKE_1,78,JR,6,2018-09-05,Wednesday,1,2,False,2,1,1,,,1,Burke,BURKE,1,False,False,regular,low,0,W,"25-9,25-16,25-11",3-0,3,3,False,False,False,away,False,False,False,False,False,True,False,False,False,https://www.maxpreps.com/games/09-05-2018/volleyball-18/burke-vs-model-secondary-school-for-the-deaf.htm?c=1Cm9G6Pz20emjhgVSKRqkg
JR_09-08_SB_2,79,JR,7,2018-09-08,Saturday,2,3,False,3,2,3,False,False,1,StoneBridge,SB,1,False,False,regular,low,0,L,"10-25,22-25",0-2,2,-2,False,False,False,neutral,False,False,False,False,False,False,False,True,False,https://www.maxpreps.com/games/09-08-2018/volleyball-18/model-secondary-school-for-the-deaf-vs-stonebridge.htm?c=L9xD3wiE50GbYdoCDbVLxg
JR_09-08_FCHS_3,80,JR,8,2018-09-08,Saturday,2,0,False,3,3,3,False,True,1,Fredericksburg Christian,FCHS,1,False,False,regular,low,0,L,"12-25,16-25",0-2,2,-2,False,False,False,neutral,False,False,False,False,False,False,False,True,False,https://www.maxpreps.com/games/9-8-2018/volleyball-18/fredericksburg-christian-vs-model-secondary-school-for-the-deaf.htm?c=2-vXWUZlM0iZyaZnCRkk7A#tab=box-score&schoolid=
JR_09-08_GC_1,81,JR,9,2018-09-08,Saturday,2,0,False,3,1,3,True,False,1,Grace Christian,GC,1,False,False,regular,low,0,W,"25-23,25-21",2-0,2,2,False,False,False,neutral,False,False,False,False,False,False,False,True,False,https://www.maxpreps.com/games/09-08-2018/volleyball-18/grace-christian-vs-model-secondary-school-for-the-deaf.htm?c=zy-nprt3g0m9hLnq5y_YhA
JR_09-11_RB_1,82,JR,10,2018-09-11,Tuesday,2,3,False,1,1,1,,,1,Riverdale Baptist,RB,1,False,False,regular,low,0,L,"11-25,15-25,25-27",0-3,3,-3,False,False,False,away,False,False,False,False,False,False,False,False,False,https://www.maxpreps.com/games/09-11-2018/volleyball-18/model-secondary-school-for-the-deaf-vs-riverdale-baptist.htm?c=3O-Bxg3_UkStKV_mObir_A
JR_09-13_SSFS_1,83,JR,11,2018-09-13,Thursday,3,2,False,2,1,1,,,1,Sandy Spring Friends,SSFS,1,False,False,regular,low,0,W,"25-13,25-11,25-14",3-0,3,3,False,False,False,away,False,False,False,False,False,True,False,False,False,https://www.maxpreps.com/games/09-13-2018/volleyball-18/model-secondary-school-for-the-deaf-vs-sandy-spring-friends.htm?c=0FXoP1T_pkukrAqKPjs5HQ
JR_09-15_SWW_1,84,JR,12,2018-09-15,Saturday,3,2,False,2,1,1,,,1,School Without Walls,SWW,1,False,False,regular,low,0,W,,3-0,3,3,False,False,False,home,False,False,False,False,False,False,False,False,False,https://www.maxpreps.com/games/09-15-2018/volleyball-18/model-secondary-school-for-the-deaf-vs-school-without-walls.htm?c=rQqfNw5pxECNGfKfVVq5Xg
JR_09-18_WCA_1,85,JR,13,2018-09-18,Tuesday,3,3,False,1,1,1,,,1,Washington Christian Academy,WCA,1,False,False,regular,low,0,W,"25-6,25-15,25-17",3-0,3,3,False,False,False,home,False,False,False,False,False,True,False,False,False,https://www.maxpreps.com/games/09-18-2018/volleyball-18/model-secondary-school-for-the-deaf-vs-washington-christian-academy.htm?c=txnlzEGwrkWFBM3aMOgOGQ
JR_09-20_BIHS_1,86,JR,14,2018-09-20,Thursday,4,2,False,2,1,1,,,1,Bishop Ireton,BIHS,1,False,False,regular,low,0,L,"13-25,15-25,25-27",0-3,3,-3,False,False,False,away,False,False,False,False,False,False,False,False,False,https://www.maxpreps.com/games/09-20-2018/volleyball-18/bishop-ireton-vs-model-secondary-school-for-the-deaf.htm?c=LdyBEaaPEEyQrcStdGDcTQ#tab=box-score&schoolid=
JR_09-22_RB_1,87,JR,15,2018-09-22,Saturday,4,2,False,7,1,6,True,False,1,Riverdale Baptist,RB,2,True,False,regular,low,0,W,"25-15,25-21",2-0,2,2,False,True,False,home,False,False,False,False,False,False,False,True,False,https://www.maxpreps.com/games/09-22-2018/volleyball-18/model-secondary-school-for-the-deaf-vs-riverdale-baptist.htm?c=L4mANmlkLk6CzD58AWzeLQ#tab=matchup&schoolid=
JR_09-22_BULLIS_2,88,JR,16,2018-09-22,Saturday,4,0,False,7,2,6,False,False,1,Bullis,BULLIS,1,False,False,regular,low,0,W,"25-13,25-19",2-0,2,2,False,False,False,home,False,False,False,False,False,False,False,True,False,https://www.maxpreps.com/games/09-22-2018/volleyball-18/bullis-vs-model-secondary-school-for-the-deaf.htm?c=3SD-UNh5mEOX8YOLnarH9A#tab=matchup&schoolid=
JR_09-22_SWW_3,89,JR,17,2018-09-22,Saturday,4,0,False,7,3,6,False,False,1,School Without Walls,SWW,2,True,False,regular,low,0,W,"25-11,21-25,15-8",2-1,3,1,False,False,False,home,False,False,False,False,False,False,False,True,False,https://www.maxpreps.com/games/09-22-2018/volleyball-18/model-secondary-school-for-the-deaf-vs-school-without-walls.htm?c=lqOwny0Zw0a-06rgbao-Sw#tab=matchup&schoolid=
JR_09-22_MCLEAN_4,90,JR,18,2018-09-22,Saturday,4,0,False,7,4,6,False,False,1,McLean,MCLEAN,1,False,False,regular,low,0,W,"25-8,25-14",2-0,2,2,False,False,False,home,False,False,False,False,False,False,False,True,False,https://www.maxpreps.com/games/09-22-2018/volleyball-18/mclean-vs-model-secondary-school-for-the-deaf.htm?c=vbfUz_4fdkasJDsEZa5Aew#tab=matchup&schoolid=
JR_09-22_SIDWELL_5,91,JR,19,2018-09-22,Saturday,4,0,False,7,5,6,False,False,1,Sidwell Friends,SIDWELL,1,False,False,regular,low,0,L,"9-25,14-25",0-2,2,-2,False,False,False,home,False,False,False,False,False,False,False,True,False,https://www.maxpreps.com/games/09-22-2018/volleyball-18/model-secondary-school-for-the-deaf-vs-sidwell-friends.htm?c=V8E-v5TQb0-5SYbGZuxjag#tab=box-score&schoolid=
JR_09-22_MACA_6,92,JR,20,2018-09-22,Saturday,4,0,False,7,6,6,False,True,1,Mount Airy Christian Academy,MACA,1,False,False,regular,low,0,W,"14-25,25-19,15-8",2-1,3,1,True,False,False,home,False,False,False,False,False,False,False,True,False,https://www.maxpreps.com/games/09-22-2018/volleyball-18/model-secondary-school-for-the-deaf-vs-mount-airy-christian-academy.htm?c=hU2aP2JC3E-i79LQGtxKMw#tab=box-score&schoolid=
JR_09-27_BOHS_1,93,JR,21,2018-09-27,Thursday,5,5,False,1,1,1,,,1,Bishop O'Connell,BOHS,1,False,False,regular,low,0,L,"10-25,7-25,3-25",0-3,3,-3,False,False,False,home,False,False,False,False,False,False,False,False,False,https://www.maxpreps.com/games/09-27-2018/volleyball-18/bishop-oconnell-vs-model-secondary-school-for-the-deaf.htm?c=AWUtist-nUCY1vJIbDNbdQ#tab=box-score&schoolid=
JR_10-02_CGC_1,94,JR,22,2018-10-02,Tuesday,5,5,False,1,1,1,,,1,Clinton Grace Christian,CGC,2,True,False,regular,low,0,W,"25-17,25-13,25-10",3-0,3,3,False,False,False,home,False,False,False,False,False,True,False,False,False,https://www.maxpreps.com/games/10-02-2018/volleyball-18/clinton-grace-christian-vs-model-secondary-school-for-the-deaf.htm?c=zs58NEQ3CEWFAWLCnEqX7A
JR_10-03_SJDS_1,95,JR,23,2018-10-03,Wednesday,5,1,True,2,1,1,,,1,Smith Jewish Day School,SJDS,1,False,False,regular,low,0,W,"25-16,25-13,25-23",3-0,3,3,False,False,False,away,False,False,False,False,False,False,False,False,False,https://www.maxpreps.com/games/10-03-2018/volleyball-18/model-secondary-school-for-the-deaf-vs-smith-jewish-day-school.htm?c=lEmjdylP3kasneLg6tCs-A#tab=matchup&schoolid=
JR_10-05_CSDF_1,96,JR,24,2018-10-05,Friday,6,2,False,5,1,4,True,False,1,California School for the Deaf,CSDF,1,False,False,regular,low,0,L,"17-25,11-25",0-2,2,-2,False,False,False,home,False,False,False,False,False,False,False,True,False,https://www.maxpreps.com/games/10-05-2018/volleyball-18/california-school-for-the-deaf-vs-model-secondary-school-for-the-deaf.htm?c=uTfrWXjXC0ab2OnZko5ZWQ#tab=box-score&schoolid=
JR_10-05_CSDR_2,97,JR,25,2018-10-05,Friday,6,0,False,5,2,4,False,False,1,California School for the Deaf-Riverside,CSDR,1,False,False,regular,low,0,L,"19-25,19-25",0-2,2,-2,False,False,False,home,False,False,False,False,False,False,False,True,False,https://www.maxpreps.com/games/10-05-2018/volleyball-18/california-school-for-the-deaf-riverside-vs-model-secondary-school-for-the-deaf.htm?c=KhNLA8DP6UqZWJwhQMZBqA#tab=box-score&schoolid=
JR_10-05_TSD_3,98,JR,26,2018-10-05,Friday,6,0,False,5,3,4,False,False,1,Texas School for the Deaf,TSD,1,False,False,regular,low,0,L,"10-25,13-25",0-2,2,-2,False,False,False,home,False,False,False,False,False,False,False,True,False,https://www.maxpreps.com/games/10-05-2018/volleyball-18/model-secondary-school-for-the-deaf-vs-texas-school-for-the-deaf.htm?c=npmD644d_kyYdOwKEBpoPw#tab=box-score&schoolid=
JR_10-05_MSD_4,99,JR,27,2018-10-05,Friday,6,0,False,5,4,4,False,True,1,Maryland School for the Deaf,MSD,1,False,True,regular,low,0,L,"25-20,15-25,13-15",1-2,3,-1,False,False,False,home,False,False,False,False,False,False,False,True,False,https://www.maxpreps.com/games/10-05-2018/volleyball-18/maryland-school-for-the-deaf-vs-model-secondary-school-for-the-deaf.htm?c=c08RkMwexU2tiK_VWEirJA#tab=matchup&schoolid=
JR_10-06_ISD_1,100,JR,28,2018-10-06,Saturday,6,1,True,7,1,3,True,False,1,Indiana School for the Deaf,ISD,1,False,False,regular,low,0,L,"17-25,19-25",0-2,2,-2,False,False,False,home,False,False,False,False,False,False,False,True,False,https://www.maxpreps.com/games/10-06-2018/volleyball-18/indiana-school-for-the-deaf-vs-model-secondary-school-for-the-deaf.htm?c=8WC7da7pHk2qQTi6pqm3IA#tab=box-score&schoolid=
JR_10-06_CSDF_2,101,JR,29,2018-10-06,Saturday,6,0,False,7,2,3,False,False,1,California School for the Deaf,CSDF,2,True,False,regular,low,0,L,"9-25,16-25",0-2,2,-2,False,False,False,home,False,False,False,False,False,False,False,True,False,https://www.maxpreps.com/games/10-06-2018/volleyball-18/california-school-for-the-deaf-vs-model-secondary-school-for-the-deaf.htm?c=cYqwpxb6d0OyGwpqiIBi0A#tab=box-score&schoolid=
JR_10-06_CSDR_3,102,JR,30,2018-10-06,Saturday,6,0,False,7,3,3,False,True,1,California School for the Deaf-Riverside,CSDR,2,True,False,regular,low,0,L,"14-25,10-25",0-2,2,-2,False,False,False,home,False,False,False,False,False,False,False,True,False,https://www.maxpreps.com/games/10-06-2018/volleyball-18/california-school-for-the-deaf-riverside-vs-model-secondary-school-for-the-deaf.htm?c=1pCfPJh37UyyWr-jRRAbDQ#tab=box-score&schoolid=
JR_10-09_RB_1,103,JR,31,2018-10-09,Tuesday,6,3,False,1,1,1,,,1,Riverdale Baptist,RB,3,True,False,regular,low,0,L,"15-25,19-25,10-25",0-3,3,-3,False,False,False,home,False,False,False,False,False,False,False,False,False,https://www.maxpreps.com/games/10-09-2018/volleyball-18/model-secondary-school-for-the-deaf-vs-riverdale-baptist.htm?c=PJGyWueVVUimgHq4hG3jbg#tab=box-score&schoolid=
JR_10-10_OAKCREST_1,104,JR,32,2018-10-10,Wednesday,6,1,True,2,1,1,,,1,Oakcrest,OAKCREST,1,False,False,regular,low,0,W,"25-18,25-16,25-18",3-0,3,3,False,False,False,away,False,False,False,False,False,False,False,False,False,https://www.maxpreps.com/games/10-10-2018/volleyball-18/model-secondary-school-for-the-deaf-vs-oakcrest.htm?c=hkGHXMiQwkCN_TmLP32IVw#tab=matchup&schoolid=
JR_10-11_WIS_1,105,JR,33,2018-10-11,Thursday,7,1,True,3,1,1,,,1,Washington International,WIS,1,False,True,regular,low,0,L,"8-25,12-25,21-25",0-3,3,-3,False,False,False,home,False,False,False,False,False,True,False,False,False,https://www.maxpreps.com/games/10-11-2018/volleyball-18/model-secondary-school-for-the-deaf-vs-washington-international.htm?c=rM4IVytEz0ygFaEhEQ9CVQ
JR_10-16_BHA_1,106,JR,34,2018-10-16,Tuesday,7,5,False,1,1,1,,,1,Berman Hebrew Academy,BHA,1,False,False,regular,low,0,W,"25-8,25-13,25-9",3-0,3,3,False,False,False,away,False,False,False,False,False,False,False,False,False,https://www.maxpreps.com/games/10-16-2018/volleyball-18/berman-hebrew-academy-vs-model-secondary-school-for-the-deaf.htm?c=0ZG7rpPS9kidPsxOCv2JFw#tab=matchup&schoolid=
JR_10-18_FIELD_1,107,JR,35,2018-10-18,Thursday,8,2,False,2,1,1,,,1,Field,FIELD,1,False,False,regular,low,0,W,"25-13,25-13,25-22",3-0,3,3,False,False,False,away,False,False,False,False,False,True,False,False,False,https://www.maxpreps.com/games/10-18-2018/volleyball-18/field-vs-model-secondary-school-for-the-deaf.htm?c=9Y2TSXKnlUOH7p5xzj83Kw#tab=matchup&schoolid=
JR_10-19_BULLIS_1,108,JR,36,2018-10-19,Friday,8,1,True,2,1,1,,,1,Bullis,BULLIS,2,True,False,regular,low,0,L,"23-25,14-25,26-24,20-25",1-3,4,-2,False,False,False,home,False,False,False,False,False,False,False,False,False,https://www.maxpreps.com/games/10-19-2018/volleyball-18/bullis-vs-model-secondary-school-for-the-deaf.htm?c=CBTL9de1rU6ydjYIwywyog#tab=matchup&schoolid=
JR_10-22_SSFS_1,109,JR,37,2018-10-22,Monday,8,3,False,1,1,1,,,1,Sandy Spring Friends,SSFS,2,True,False,regular,low,0,W,"25-1,25-3,24-26,25-23",3-1,4,2,False,False,False,home,False,False,False,False,False,True,False,False,False,https://www.maxpreps.com/games/10-22-2018/volleyball-18/model-secondary-school-for-the-deaf-vs-sandy-spring-friends.htm?c=nHgUcvtCZkGaGfn06RSY9Q#tab=matchup&schoolid=
JR_10-29_WIS_1,110,JR,38,2018-10-29,Monday,9,7,False,1,1,1,,,1,Washington International,WIS,2,True,True,championship,high,3,L,"12-25,11-25,20-25",0-3,3,-3,False,False,False,neutral,False,False,False,False,False,True,True,True,True,https://www.maxpreps.com/games/10-29-2018/volleyball-18/model-secondary-school-for-the-deaf-vs-washington-international.htm?c=LOqNGbuhOE-1OTwiUK8QDw#tab=box-score&schoolid=
JR_11-06_SWW_1,111,JR,39,2018-11-06,Tuesday,10,8,False,1,1,1,,,1,School Without Walls,SWW,3,True,False,playoff,high,2,L,,2-3,5,-1,False,False,False,neutral,False,False,False,False,False,False,True,False,False,https://www.maxpreps.com/games/11-06-2018/volleyball-18/model-secondary-school-for-the-deaf-vs-school-without-walls.htm?c=6UCwlLsoc0ipcs1Ww4M2RA#tab=matchup&schoolid=
SR_08-29_MARET_1,112,SR,1,2019-08-29,Thursday,1,296,False,1,1,1,,,1,Maret,MARET,1,False,False,regular,low,0,W,"27-25,20-25,25-23,15-25,16-14",3-2,5,1,False,False,False,away,False,False,False,False,False,False,False,False,False,https://www.maxpreps.com/games/08-29-2019/volleyball-19/maret-vs-model-secondary-school-for-the-deaf.htm?c=ZWSY1lY28Ui5v0UQkdb80w
SR_09-03_DCI_1,113,SR,2,2019-09-03,Tuesday,1,5,False,1,1,1,,,1,DC International,DCI,1,False,False,regular,low,0,W,"25-16,25-19,25-16",3-0,3,3,False,False,False,home,False,False,False,False,False,False,False,False,False,https://www.maxpreps.com/games/09-03-2019/volleyball-19/dc-international-vs-model-secondary-school-for-the-deaf.htm?c=vnGUQ0iSNE-oyNlMWcmh9w
SR_09-05_CL_1,114,SR,3,2019-09-05,Thursday,2,2,False,2,1,1,,,1,Covenant Life,CL,1,False,True,regular,low,0,L,"18-25,23-25,9-25",0-3,3,-3,False,False,False,away,False,False,False,False,False,False,False,False,False,https://www.maxpreps.com/games/09-05-2019/volleyball-19/covenant-life-vs-model-secondary-school-for-the-deaf.htm?c=XppDyalKBEaO1F5pxy-NzA
SR_09-07_BIHS_1,115,SR,4,2019-09-07,Saturday,2,2,False,4,1,3,True,False,1,Bishop Ireton,BIHS,1,False,False,regular,low,0,L,"20-25,14-25",0-2,2,-2,False,False,False,neutral,False,False,False,False,False,False,False,True,False,https://www.maxpreps.com/games/09-07-2019/volleyball-19/bishop-ireton-vs-model-secondary-school-for-the-deaf.htm?c=2i4PtaWEmUuMlDlVE65NRg
SR_09-07_HIGHLAND_2,116,SR,5,2019-09-07,Saturday,2,0,False,4,2,3,False,False,1,Highland,HIGHLAND,1,False,False,regular,low,0,W,"25-19,25-27,15-12",2-1,3,1,False,False,False,neutral,False,False,False,False,False,False,False,True,False,https://www.maxpreps.com/games/09-07-2019/volleyball-19/highland-vs-model-secondary-school-for-the-deaf.htm?c=X8J5gh-oIUy5sRyoxk1a1A
SR_09-07_EPISCOPAL_3,117,SR,6,2019-09-07,Saturday,2,0,False,4,3,3,False,True,1,Episcopal,EPISCOPAL,1,False,False,regular,low,0,L,"21-25,27-25,0-15",1-2,3,-1,False,False,False,neutral,False,False,False,False,False,False,False,True,False,https://www.maxpreps.com/games/09-07-2019/volleyball-19/episcopal-vs-model-secondary-school-for-the-deaf.htm?c=z7WUjmSlxE2k__PRNpRWFg
SR_09-10_SAA_1,118,SR,7,2019-09-10,Tuesday,2,3,False,1,1,1,,,1,Spencerville Adventist Academy,SAA,1,False,False,regular,low,0,W,"25-21,25-19,25-14",3-0,3,3,False,False,False,home,False,False,False,False,False,True,False,False,False,https://www.maxpreps.com/games/09-10-2019/volleyball-19/model-secondary-school-for-the-deaf-vs-spencerville-adventist-academy.htm?c=EtNkqAr_CkSDH8Kt_dbdwA
SR_09-12_BIHS_1,119,SR,8,2019-09-12,Thursday,3,2,False,2,1,1,,,1,Bishop Ireton,BIHS,2,True,False,regular,low,0,L,"11-25,13-25,17-25",0-3,3,-3,False,False,False,away,False,False,False,False,False,False,False,False,False,https://www.maxpreps.com/games/09-12-2019/volleyball-19/bishop-ireton-vs-model-secondary-school-for-the-deaf.htm?c=HZy5AnNr9Uaasgc2r4pO2Q
SR_09-14_SCA_1,120,SR,9,2019-09-14,Saturday,3,2,False,6,1,5,True,False,1,Shalom Christian Academy,SCA,1,False,False,regular,low,0,W,"26-24,25-21",2-0,2,2,False,False,False,neutral,False,False,False,False,False,False,False,True,False,https://www.maxpreps.com/games/09-14-2019/volleyball-19/model-secondary-school-for-the-deaf-vs-shalom-christian-academy.htm?c=yv6lm6GTPESUIYsRe0GjYg
SR_09-14_MSD_2,121,SR,10,2019-09-14,Saturday,3,0,False,6,2,5,False,False,1,Maryland School for the Deaf,MSD,1,False,True,regular,low,0,T,"27-26,24-26",1-1,2,0,False,False,False,away,False,False,False,False,False,False,False,True,False,https://www.maxpreps.com/games/09-14-2019/volleyball-19/maryland-school-for-the-deaf-vs-model-secondary-school-for-the-deaf.htm?c=JZy_Ujt1k0WRjGKfk_TTCg
SR_09-14_SJCP_3,122,SR,11,2019-09-14,Saturday,3,0,False,6,3,5,False,False,1,St. John's Catholic Prep,SJCP,1,False,False,regular,low,0,L,"18-25,16-25",0-2,2,-2,False,False,False,neutral,False,False,False,False,False,False,False,True,False,https://www.maxpreps.com/games/09-14-2019/volleyball-19/model-secondary-school-for-the-deaf-vs-st-johns-catholic-prep.htm?c=zz-mVFyWi0eZ5kSQmFtHqg
SR_09-14_MSD_4,123,SR,12,2019-09-14,Saturday,3,0,False,6,4,5,False,False,2,Maryland School for the Deaf,MSD,2,True,True,regular,low,0,W,"25-18,17-25,18-16",2-1,3,1,False,False,True,away,False,False,False,False,False,False,False,True,False,https://www.maxpreps.com/games/09-14-2019/volleyball-19/maryland-school-for-the-deaf-vs-model-secondary-school-for-the-deaf.htm?c=6yBlF3an7kquIU0xy9I1Sg
SR_09-14_VO_5,124,SR,13,2019-09-14,Saturday,3,0,False,6,5,5,False,True,1,Varsity Opponent,VO,1,False,False,regular,low,0,W,"25-12,25-15",2-0,2,2,False,False,False,away,False,False,False,False,False,False,False,False,False,https://www.maxpreps.com/games/09-14-2019/volleyball-19/model-secondary-school-for-the-deaf-vs-varsity-opponent.htm?c=zTlurXAekU6DPGK1hKcfnw
SR_09-17_WCA_1,125,SR,14,2019-09-17,Tuesday,3,3,False,1,1,1,,,1,Washington Christian Academy,WCA,1,False,False,regular,low,0,W,"25-17,23-25,25-8,25-22",3-1,4,2,False,False,False,away,False,False,False,False,False,True,False,False,False,https://www.maxpreps.com/games/09-17-2019/volleyball-19/model-secondary-school-for-the-deaf-vs-washington-christian-academy.htm?c=axNdllYxWEurhP6yIAESJA
SR_09-19_VO_1,126,SR,15,2019-09-19,Thursday,4,2,False,2,1,1,,,1,Varsity Opponent,VO,2,True,False,regular,low,0,W,"25-11,25-17,25-6",3-0,3,3,False,False,False,away,False,False,False,False,False,True,False,False,False,https://www.maxpreps.com/games/09-19-2019/volleyball-19/model-secondary-school-for-the-deaf-vs-varsity-opponent.htm?c=pYtUyF_aB0mHcg6tmNSBEA
SR_09-21_KAA_3,127,SR,16,2019-09-21,Saturday,4,2,False,6,3,5,False,False,1,King Abdullah Academy,KAA,1,False,False,regular,low,0,W,"25-15,25-17",2-0,2,2,False,False,False,home,False,False,False,False,True,False,False,True,False,https://www.maxpreps.com/games/09-21-2019/volleyball-19/king-abdullah-academy-vs-model-secondary-school-for-the-deaf.htm?c=CA3iSxhjQEOi0PU-wPED6g
SR_09-21_DCI_1,128,SR,17,2019-09-21,Saturday,4,0,False,6,1,5,True,False,1,DC International,DCI,2,True,False,regular,low,0,L,"25-10,24-26,14-16",1-2,3,-1,False,False,False,home,False,False,False,False,True,False,False,True,False,https://www.maxpreps.com/games/09-21-2019/volleyball-19/dc-international-vs-model-secondary-school-for-the-deaf.htm?c=X-FIs7wPTE2Z3BT8LVBJ3Q
SR_09-21_BULLIS_4,129,SR,18,2019-09-21,Saturday,4,0,False,6,4,5,False,False,1,Bullis,BULLIS,1,False,False,regular,low,0,W,"25-18,25-17",2-0,2,2,False,True,True,home,False,False,False,False,True,False,False,True,False,https://www.maxpreps.com/games/09-21-2019/volleyball-19/bullis-vs-model-secondary-school-for-the-deaf.htm?c=KrROSbehPUONbTHtTqXyVQ
SR_09-21_BULLIS_5,130,SR,19,2019-09-21,Saturday,4,0,False,6,5,5,False,True,2,Bullis,BULLIS,2,True,False,regular,low,0,L,"25-18,25-18",0-2,2,-2,False,False,False,home,False,False,False,False,True,False,False,True,False,https://www.maxpreps.com/games/09-21-2019/volleyball-19/bullis-vs-model-secondary-school-for-the-deaf.htm?c=G9nQB_qrYkSFMXaIJAzBfQ
SR_09-21_SWW_2,131,SR,20,2019-09-21,Saturday,4,0,False,6,2,5,False,False,1,School Without Walls,SWW,1,False,False,regular,low,0,W,"25-9,25-9",2-0,2,2,False,False,True,home,False,False,False,False,True,False,False,True,False,https://www.maxpreps.com/games/09-21-2019/volleyball-19/model-secondary-school-for-the-deaf-vs-school-without-walls.htm?c=-73onImFOUOZsDC0-raGlA
SR_09-24_FIELD_1,132,SR,21,2019-09-24,Tuesday,4,3,False,1,1,1,,,1,Field,FIELD,1,False,False,regular,low,0,W,"25-23,25-10,25-15",3-0,3,3,False,False,False,home,False,False,False,False,False,True,False,False,False,https://www.maxpreps.com/games/09-24-2019/volleyball-19/field-vs-model-secondary-school-for-the-deaf.htm?c=oourAhepTEyW0owetGekiQ
SR_09-25_VO_1,133,SR,22,2019-09-25,Wednesday,4,1,True,2,1,1,,,1,Varsity Opponent,VO,3,True,False,regular,low,0,W,"25-10,25-13,25-23",3-0,3,3,False,False,False,away,False,False,False,False,False,False,False,False,False,https://www.maxpreps.com/games/09-25-2019/volleyball-19/model-secondary-school-for-the-deaf-vs-varsity-opponent.htm?c=WfbD-GDGtU2MfiORyXR9iA
SR_09-27_GTD_1,134,SR,23,2019-09-27,Friday,5,2,False,2,1,1,,,1,Georgetown Day,GTD,1,False,False,regular,low,0,L,"20-25,25-18,9-25,21-25",1-3,4,-2,False,False,False,home,False,False,False,False,False,False,False,False,False,https://www.maxpreps.com/games/09-27-2019/volleyball-19/georgetown-day-vs-model-secondary-school-for-the-deaf.htm?c=8QSwh2dDbkuQnPJ8lKOG8A
SR_09-30_SSFS_1,135,SR,24,2019-09-30,Monday,5,3,False,1,1,1,,,1,Sandy Spring Friends,SSFS,1,False,False,regular,low,0,W,"25-8,25-6,25-8",3-0,3,3,False,False,False,away,False,False,False,False,False,True,False,False,False,https://www.maxpreps.com/games/09-30-2019/volleyball-19/model-secondary-school-for-the-deaf-vs-sandy-spring-friends.htm?c=vXhBTV1b-kCMrbsQbKyk7w
SR_10-04_ISD_1,136,SR,25,2019-10-04,Friday,6,4,False,4,1,4,True,False,1,Indiana School for the Deaf,ISD,1,False,False,regular,low,0,W,"25-18,25-24",2-0,2,2,False,False,True,neutral,False,False,False,False,False,False,False,True,False,https://www.maxpreps.com/games/10-04-2019/volleyball-19/indiana-school-for-the-deaf-vs-model-secondary-school-for-the-deaf.htm?c=f9flUAU6O06spxnElldSKA
SR_10-04_CSDF_2,137,SR,26,2019-10-04,Friday,6,0,False,4,2,4,False,False,1,California School for the Deaf,CSDF,1,False,False,regular,low,0,W,"25-14,25-17",2-0,2,2,False,False,True,neutral,False,False,False,False,False,False,False,True,False,https://www.maxpreps.com/games/10-04-2019/volleyball-19/california-school-for-the-deaf-vs-model-secondary-school-for-the-deaf.htm?c=5B-gOLdv6UqIHutSwlg3gQ
SR_10-04_TSD_3,138,SR,27,2019-10-04,Friday,6,0,False,4,3,4,False,False,1,Texas School for the Deaf,TSD,1,False,False,regular,low,0,L,"22-25,11-25",0-2,2,-2,False,False,False,neutral,False,False,False,False,False,False,False,True,False,https://www.maxpreps.com/games/10-04-2019/volleyball-19/model-secondary-school-for-the-deaf-vs-texas-school-for-the-deaf.htm?c=1CZVdjkiLESPmWMPwddQIg
SR_10-04_CSDR_4,139,SR,28,2019-10-04,Friday,6,0,False,4,4,4,False,True,1,California School for the Deaf-Riverside,CSDR,1,False,False,regular,low,0,W,"22-25,25-23,15-14",2-1,3,1,True,False,True,away,False,False,False,False,False,False,False,True,False,https://www.maxpreps.com/games/10-04-2019/volleyball-19/california-school-for-the-deaf-riverside-vs-model-secondary-school-for-the-deaf.htm?c=pihzlNYVq0a9p059m_dfLg
SR_10-05_ISD_1,140,SR,29,2019-10-05,Saturday,6,1,True,6,1,2,True,False,1,Indiana School for the Deaf,ISD,2,True,False,regular,low,0,W,"25-17,25-13",2-0,2,2,False,False,True,neutral,False,False,False,False,False,False,False,True,False,https://www.maxpreps.com/games/10-05-2019/volleyball-19/indiana-school-for-the-deaf-vs-model-secondary-school-for-the-deaf.htm?c=uxhCmqiCxkuRNURdxgYWrw
SR_10-05_TSD_2,141,SR,30,2019-10-05,Saturday,6,0,False,6,2,2,False,True,1,Texas School for the Deaf,TSD,2,True,False,regular,low,0,L,"16-25,14-25",0-2,2,-2,False,False,False,neutral,False,False,False,False,False,False,False,True,False,https://www.maxpreps.com/games/10-05-2019/volleyball-19/model-secondary-school-for-the-deaf-vs-texas-school-for-the-deaf.htm?c=9lwl75e5H0CKfKiPKkOvmA
SR_10-08_OAKCREST_1,142,SR,31,2019-10-08,Tuesday,6,3,False,1,1,1,,,1,Oakcrest,OAKCREST,1,False,False,regular,low,0,W,"25-13,25-21,25-19",3-0,3,3,False,False,False,home,False,False,False,False,False,False,False,False,False,https://www.maxpreps.com/games/10-08-2019/volleyball-19/model-secondary-school-for-the-deaf-vs-oakcrest.htm?c=L00XN2jRbEC6wBbufPDRRA
SR_10-10_VO_1,143,SR,32,2019-10-10,Thursday,7,2,False,2,1,1,,,1,Varsity Opponent,VO,4,True,False,regular,low,0,W,"25-17,25-9,25-7",3-0,3,3,False,False,False,home,False,False,False,False,False,True,False,False,False,https://www.maxpreps.com/games/10-10-2019/volleyball-19/model-secondary-school-for-the-deaf-vs-varsity-opponent.htm?c=9tYDUg4qF0qxW7tK_Ln9KQ
SR_10-12_PA_2,144,SR,33,2019-10-12,Saturday,7,2,False,6,2,5,False,False,1,Princess Anne,PA,1,False,False,regular,low,0,L,"13-25,12-25",0-2,2,-2,False,False,False,neutral,False,False,False,False,False,False,False,True,False,https://www.maxpreps.com/games/10-12-2019/volleyball-19/model-secondary-school-for-the-deaf-vs-princess-anne.htm?c=Wdf7AW-Qs0uZ5kj5J-9Pkg
SR_10-12_KAA_4,145,SR,34,2019-10-12,Saturday,7,0,False,6,4,5,False,False,1,King Abdullah Academy,KAA,2,True,False,regular,low,0,W,"25-19,25-18",2-0,2,2,False,False,False,neutral,False,False,False,False,False,False,False,True,False,https://www.maxpreps.com/games/10-12-2019/volleyball-19/king-abdullah-academy-vs-model-secondary-school-for-the-deaf.htm?c=4o5xHQERTUCLFvhSNxhPvQ
SR_10-12_ROOSEVELT_1,146,SR,35,2019-10-12,Saturday,7,0,False,6,1,5,True,False,1,Roosevelt,ROOSEVELT,1,False,False,regular,low,0,L,"18-25,25-23,12-15",1-2,3,-1,False,False,False,neutral,False,False,False,False,False,False,False,True,False,https://www.maxpreps.com/games/10-12-2019/volleyball-19/model-secondary-school-for-the-deaf-vs-roosevelt.htm?c=CXg2zA5gMECXIs3SwzgDtQ
SR_10-12_MACA_5,147,SR,36,2019-10-12,Saturday,7,0,False,6,5,5,False,True,2,Mount Airy Christian Academy,MACA,2,True,False,regular,low,0,W,"25-18,25-21",2-0,2,2,False,False,False,neutral,False,False,False,False,False,False,False,True,False,https://www.maxpreps.com/games/10-12-2019/volleyball-19/model-secondary-school-for-the-deaf-vs-mount-airy-christian-academy.htm?c=97D32zj27UyiyV9SIHUNYw
SR_10-12_MACA_3,148,SR,37,2019-10-12,Saturday,7,0,False,6,3,5,False,False,1,Mount Airy Christian Academy,MACA,1,False,False,regular,low,0,W,"25-18,25-18",2-0,2,2,False,False,False,neutral,False,False,False,False,False,False,False,True,False,https://www.maxpreps.com/games/10-12-2019/volleyball-19/model-secondary-school-for-the-deaf-vs-mount-airy-christian-academy.htm?c=0jccxebo90SvebpstwJWUg
SR_10-15_WIS_1,149,SR,38,2019-10-15,Tuesday,7,3,False,1,1,1,,,1,Washington International,WIS,1,False,True,regular,low,0,W,"25-23,25-17,25-19",3-0,3,3,False,False,True,away,False,False,False,False,False,True,False,False,False,https://www.maxpreps.com/games/10-15-2019/volleyball-19/model-secondary-school-for-the-deaf-vs-washington-international.htm?c=g6pJ4R30lkGUr0XSGqZzQg
SR_10-17_BARRIE_1,150,SR,39,2019-10-17,Thursday,8,2,False,2,1,1,,,1,Barrie,BARRIE,1,False,False,regular,low,0,W,"25-9,25-10,25-7",3-0,3,3,False,False,False,away,False,False,False,False,False,True,False,False,False,https://www.maxpreps.com/games/10-17-2019/volleyball-19/barrie-vs-model-secondary-school-for-the-deaf.htm?c=Y5g55yVQRU2fOo5YKgnw-w
SR_10-18_KAA_1,151,SR,40,2019-10-18,Friday,8,1,True,2,1,1,,,1,King Abdullah Academy,KAA,3,True,False,regular,low,0,W,"23-25,25-14,25-10,25-19",3-1,4,2,True,False,False,home,False,False,False,False,False,True,False,False,False,https://www.maxpreps.com/games/10-18-2019/volleyball-19/king-abdullah-academy-vs-model-secondary-school-for-the-deaf.htm?c=ff0wp3edSkmUy0ZVzt_rYQ
SR_10-21_MCLEAN_1,152,SR,41,2019-10-21,Monday,8,3,False,1,1,1,,,1,McLean,MCLEAN,1,False,False,forfeit,low,0,W,,0-0,0,0,False,False,False,home,False,False,True,False,False,False,False,False,False,https://www.maxpreps.com/games/10-21-2019/volleyball-19/mclean-vs-model-secondary-school-for-the-deaf.htm?c=YN2GPO_oJUe9am8W3ZCb_A
SR_10-23_VO_1,153,SR,42,2019-10-23,Wednesday,8,2,False,2,1,1,,,1,Varsity Opponent,VO,5,True,False,playoff,high,2,W,"25-9,25-16,25-16",3-0,3,3,False,False,False,home,False,False,False,False,False,True,True,True,False,https://www.maxpreps.com/games/10-23-2019/volleyball-19/model-secondary-school-for-the-deaf-vs-varsity-opponent.htm?c=4SpEKTKm40mNlVqXSY8llQ
SR_10-28_SSFS_1,154,SR,43,2019-10-28,Monday,9,5,False,1,1,1,,,1,Sandy Spring Friends,SSFS,2,True,False,playoff,high,2,W,"25-15,25-19,25-8",3-0,3,3,False,False,False,home,False,False,False,False,False,True,True,True,False,https://www.maxpreps.com/games/10-28-2019/volleyball-19/model-secondary-school-for-the-deaf-vs-sandy-spring-friends.htm?c=seZY-aU7r0O3adxoOvkc0w
SR_10-30_WIS_1,155,SR,44,2019-10-30,Wednesday,9,2,False,2,1,1,,,1,Washington International,WIS,2,True,True,championship,high,3,W,"25-18,26-24,25-18",3-0,3,3,False,False,True,neutral,False,False,False,False,False,True,True,True,True,https://www.maxpreps.com/games/10-30-2019/volleyball-19/model-secondary-school-for-the-deaf-vs-washington-international.htm?c=GglwmyeMkEOGgntR9jsatw
SR_11-05_BELL_1,156,SR,45,2019-11-05,Tuesday,10,6,False,1,1,1,,,1,Bell,BELL,1,False,False,playoff,high,2,W,"25-14,25-14,25-13",3-0,3,3,False,False,False,away,False,False,False,False,False,False,True,True,False,https://www.maxpreps.com/games/11-05-2019/volleyball-19/bell-vs-model-secondary-school-for-the-deaf.htm?c=VcPx0s5gm0y4-10r8YIcYw
SR_11-06_SJ_1,157,SR,46,2019-11-06,Wednesday,10,1,True,2,1,1,,,1,St. John's,SJ,1,False,False,playoff,high,2,L,"20-25,20-25,14-25",0-3,3,-3,False,False,False,away,False,False,False,False,False,False,True,True,False,https://www.maxpreps.com/games/11-06-2019/volleyball-19/model-secondary-school-for-the-deaf-vs-st-johns.htm?c=eSZ4h7I5E0OFrIple4uZbw
